{
  "id": "2110487",
  "name": "jc",
  "font_family": "iconfont",
  "css_prefix_text": "icon-",
  "description": "",
  "glyphs": [
    {
      "icon_id": "6337688",
      "name": "返回",
      "font_class": "fanhui",
      "unicode": "e629",
      "unicode_decimal": 58921
    },
    {
      "icon_id": "10262050",
      "name": "设 置",
      "font_class": "shezhi",
      "unicode": "e611",
      "unicode_decimal": 58897
    },
    {
      "icon_id": "11125641",
      "name": "更多",
      "font_class": "19",
      "unicode": "e626",
      "unicode_decimal": 58918
    }
  ]
}
